id,firstName,lastName,company,address,city,state,zip,country,url,phoneNumber,fax
0, PxZUepy, jvego, LG, OGqaARWoDP, jNCJsxXxPMj, hUMJXq, 440454, France, http://wwww.yahoo.com, 010-1722-0122, 9735550576
1, cdcHiBTWY, KGvb, LG, qqPkkWGXaq, iKJIptD, JIcXvdVVxWofd, 560211, England, http://wwww.naver.com, 010-4811-5443, 2030063524
2, UaxdEd, cUfEwbdXB, Naver, RTDfFunKPS, nomfIOLbNPL, vJpPxUHhm, 169455, korea, http://wwww.naver.com, 010-0470-5435, 9807500146
3, wevqVYak, DkijVapit, Kakao, frQStWIpSB, PAiAMSPlKxRI, fKonDyZCVirIL, 298700, China, http://wwww.naver.com, 010-8458-7825, 9918913637
4, tzFmOE, RqvEyIJ, Samsung, ssbOISYxMx, rzcVjpysbOq, enHoiOe, 605018, Japan, http://wwww.naver.com, 010-8052-8355, 2274226096
5, EGuZ, bdba, NHN, ZThokcUDnr, aSnERm, rUMuQHgYYzm, 241091, France, http://wwww.yahoo.com, 010-1740-8586, 6181187632
6, WycxNtxJ, nkhtyfXf, NHN, CPfDUNsvUf, vvWTc, POAyu, 503846, France, http://wwww.yahoo.com, 010-7569-0589, 9196452233
7, ydoGnaPRF, DSdS, NHN, QzfydTQwxF, PdtukwY, ZriYHLvz, 008715, France, http://wwww.daum.net, 010-7407-1652, 0053147045
8, uQbrnBryG, pQmwyg, Naver, jcIMlOklLv, piIfbCeFMvDxEg, EKbYKWj, 041592, USA, http://wwww.yahoo.com, 010-7251-4826, 2981127958
9, ytQtpp, ElGttukI, Naver, HWhoOvCPsq, sWWMBoIrIF, yZYHr, 640931, Japan, http://wwww.daum.net, 010-1112-1790, 1520701304
10, Qdol, UPBvzj, Naver, UWOcjDmWou, IOtwXNqENCd, KNxoBQtVI, 680718, France, http://wwww.daum.net, 010-0052-8029, 8650932067
11, jfCpAlwD, yipz, Naver, SWJvjtJuXV, dlDbkyuNlTi, SNxWArhtckgql, 463960, China, http://wwww.naver.com, 010-9050-2675, 6667378740
12, HmlZ, NzioHR, NHN, vldeyfnFHw, BTKiTU, TChifUhXdwXP, 391915, China, http://wwww.daum.net, 010-8113-0748, 9289215915
13, PwILHCOE, uGjqpE, Naver, egHaHCTLId, uYVbs, exuFgsOmhW, 888137, korea, http://wwww.yahoo.com, 010-1830-5836, 6403987754
14, wMKSmnWn, UYbymH, Naver, eNMGyLgLWr, UtOBstMCfCZ, OUzSiZRBlJEqJ, 021901, Japan, http://wwww.daum.net, 010-5226-4692, 5398390444
15, ITnAWIes, AWvUgWyd, NHN, QJjKRvshAQ, zKmERTj, TjVicaNVz, 409811, France, http://wwww.yahoo.com, 010-3589-9549, 8862966516
16, ZDQjX, xRXEmUDDX, Naver, ciqAYCfyKE, DlduRvt, wweer, 520997, England, http://wwww.yahoo.com, 010-8766-0176, 2431732165
17, uvYeU, kuNpk, Naver, cDYhfjzWdd, zDirEcp, PqiXuWDmvSvv, 278999, korea, http://wwww.naver.com, 010-0764-7099, 5041056680
18, tixojBZhw, uBlYiiFZP, Samsung, raFsSHmaZx, qDRwKBD, gOfXgCrdmSUyk, 426772, Japan, http://wwww.daum.net, 010-8444-9718, 6624180865
19, dGZSZU, KEDQgcfnM, Samsung, hxEpKtZJpc, PUVCHbBzKIUQlW, VkQkkVilDVYuV, 080057, France, http://wwww.yahoo.com, 010-2158-2828, 1825343633
20, kiNsl, SBQV, Naver, rSBkaycjJA, MHYZksXomzIXz, ZZkXWCka, 628050, korea, http://wwww.daum.net, 010-9813-5619, 5823704259
21, Fcitsv, oTVkQPRX, Kakao, wFhSNKtDir, fHodgMeiyMMJ, EbaxrDngK, 771118, korea, http://wwww.daum.net, 010-9704-8174, 4358202682
22, wfSSXZ, mUseEnxPh, Naver, iQOmnCOHmC, rxpSvCtwTncWAq, OvyxcJxF, 866343, China, http://wwww.daum.net, 010-9798-5988, 1749631285
23, khjEiS, frDYScfr, Naver, BkUUqGymaE, KOxHwDpEepd, rMzTPqnwWsV, 984398, France, http://wwww.yahoo.com, 010-5073-6477, 2805301162
24, gRypCL, eWWbwS, LG, PyntPzaasV, BgHRcqdwtSzGmm, DygvKPmEO, 937909, Japan, http://wwww.naver.com, 010-6626-1247, 4959121742
25, exRdAsvB, NcyKIRqB, Kakao, dcVTKsCBdj, YKjCtUROQIZ, uujTXq, 151007, korea, http://wwww.daum.net, 010-9363-2031, 2279135228
26, BiJGtrs, KQailak, Naver, ZJNsFXEwIY, USlVQYk, yGZRliCRqO, 226229, China, http://wwww.yahoo.com, 010-3322-7842, 8889031296
27, fSpc, zEWOx, LG, XTRlZtqTOd, qdsVoJy, INjcirxw, 613652, USA, http://wwww.naver.com, 010-3538-9613, 3769251574
28, acUSYjfz, clDkLibTD, LG, loEHnDPzkW, aGWMwjeqiiZu, fymPxsdiH, 543271, USA, http://wwww.line.jp, 010-2574-7100, 1489186578
29, ZEuwJr, QCfIeD, LG, lrkyXCGNal, NLJlgSWGd, GGTFqjWPa, 345851, China, http://wwww.daum.net, 010-3057-8469, 3404914441
30, gmmp, iaNhQ, Samsung, oZNxgWVhSg, tchcuY, XAzbnx, 078678, USA, http://wwww.daum.net, 010-3038-4471, 4868801739
31, EhkcFHjZQ, oOCPVX, LG, RIUGAdrAAJ, pwUiyihIoIC, GwRFyy, 272443, USA, http://wwww.yahoo.com, 010-2172-2983, 2455315869
32, vzlWI, zCxm, Naver, lgqwHFIdou, yRlpEGGpms, GKXNNrBnSasM, 442497, China, http://wwww.daum.net, 010-3990-8823, 1505471262
33, rdcSj, tRhahHUVl, LG, fBnMPAQhMl, TahDmvtYnrPrxI, ADksAijCgi, 027913, China, http://wwww.yahoo.com, 010-0021-3024, 8934899632
34, uGhtMv, COid, Samsung, XGVVrQWtXx, zVIfrCITOnAVPv, DtELT, 318878, France, http://wwww.line.jp, 010-8809-2622, 0722047431
35, fIZsmCIWF, dgunAc, LG, naPQgTEPQx, jgPiOZGuddlRi, ambLjLpvzezCba, 952122, USA, http://wwww.naver.com, 010-7829-7493, 8077563963
36, BFwax, oVRchj, Samsung, bqpOSBopzx, ApaauV, vjviTKfCJcJ, 534936, England, http://wwww.line.jp, 010-1698-1170, 6517526982
37, TfyiqIW, yECaFc, Kakao, duImfAjboS, VvdnFefZNZBn, rYkZWZcTyIUh, 908430, China, http://wwww.yahoo.com, 010-1190-5348, 0859276925
38, dVPVfhBBj, TRGYSSp, Naver, gIQDiqkeVK, IDfOKHTuEi, EKKtcqNpEfczV, 946179, korea, http://wwww.line.jp, 010-9323-8814, 2950138686
39, wgWRiMv, lPfkIi, Naver, WSYMGxrLUZ, GglbdnQHJLvsry, REXRa, 787584, China, http://wwww.daum.net, 010-7770-3574, 0125045058
40, kQnPeJCn, gkONDs, NHN, suLFvAkhlE, SPPgMKck, ZhDcdryOjQXnb, 440130, France, http://wwww.daum.net, 010-1481-2862, 4986146040
41, pFzDTdHrC, XxJXCjTl, Kakao, fkxsxsbaQb, iXPkZjcmPo, ChHrzCJTmfTiB, 022727, korea, http://wwww.daum.net, 010-5078-0979, 3031610759
42, qzBM, seSiD, LG, zgikozZJoN, CuroxdkiZ, wZuSerL, 036823, USA, http://wwww.naver.com, 010-7162-8457, 4143940956
43, ypzvTY, ljsKQqefE, Samsung, kRbuZDwKvJ, OeLMaan, moVioaUSIcX, 970657, USA, http://wwww.daum.net, 010-9086-0409, 2258975389
44, mOfwkS, zWvcGl, Samsung, pzDgmMqalq, fTrjKYQs, ToTxnjciJutQUxl, 405737, England, http://wwww.naver.com, 010-4015-7156, 1473491549
45, FObKBfty, Nafi, Naver, vGEfDzbaRT, mAQZNlDxwEO, ACwRP, 874346, England, http://wwww.yahoo.com, 010-0256-4179, 2397231777
46, tvuZNiMqD, nqmv, Kakao, aJXkdVimwu, xSltvZFxG, tQiFTHBYuSXm, 010870, korea, http://wwww.naver.com, 010-2290-4846, 4997844079
47, kPmNC, rOFefg, Kakao, cYXpaOFnLw, gjHDYHUAGCbg, zOXSjQPZggza, 700732, France, http://wwww.naver.com, 010-6678-1028, 8309076012
48, gQnLT, URzRTYDE, LG, cKauDPUWOe, avqKLW, obudbZNpzYIq, 688751, korea, http://wwww.daum.net, 010-7583-7110, 6549269132
49, wjyUB, qMpK, Samsung, dkdRVEVhGi, yLHFkaZkpm, MlfFheTBuQtck, 187501, China, http://wwww.line.jp, 010-6481-9696, 7766800214
50, UznoNKpf, kgBj, NHN, AbYMOjaGNn, aWWdIqqVLdjM, GuKZZcCm, 402437, USA, http://wwww.daum.net, 010-9658-5266, 0376734524
51, rBjchyiZ, ECVFSmHRJ, NHN, tqqlRrnGCz, KZWgEIDovqsQHm, bbKGV, 626325, Japan, http://wwww.yahoo.com, 010-8420-0309, 9344845445
52, wSGYKs, zODDhJ, NHN, fkhFBCsXQa, lPXkiaTaYN, ZSbKjcyaXhgsfQ, 990301, korea, http://wwww.line.jp, 010-5676-8486, 1047670925
53, ZFKKeXnX, SwCTOBNht, NHN, dOLxFtFTqz, ezsBmkhxk, GsYWhbra, 869728, USA, http://wwww.daum.net, 010-7958-3557, 0359183632
54, yGEP, CohtG, NHN, HAeuvnHhCS, bYShySHdqiPD, wntGisyTwG, 504144, France, http://wwww.daum.net, 010-6490-9489, 7930392053
55, kBmzwT, ZoUAdnRi, LG, tiOwQfPsaU, DLCAQkNdZkz, IGQxBY, 094861, China, http://wwww.line.jp, 010-4837-9051, 6872429619
56, fGSKhhU, GmcgKdCJg, LG, IapaPGhJTj, WnFpgA, qCClmR, 898556, China, http://wwww.yahoo.com, 010-7874-3634, 4009731689
57, gcBiLxlZ, YDQassx, NHN, FtjFuvLkOX, SOLvdqdp, fsGKDyEIcGU, 221365, China, http://wwww.daum.net, 010-4352-6327, 6403077858
58, JCWBQunlO, KcsRWVWP, LG, jbAwAhFQoO, FpMdNpNYtqGT, zgFgYluhkMUwW, 697917, Japan, http://wwww.naver.com, 010-1922-6273, 8033068730
59, rJHnZcz, wrAkmATT, Kakao, wJbFxWuAas, oujpXSRr, GzYwVujs, 641845, China, http://wwww.yahoo.com, 010-8028-4833, 8240676483
60, lzqp, lklBJCrvo, Kakao, hrzsPNvjQx, stSCLmaX, NIIlBpfA, 427760, France, http://wwww.daum.net, 010-7788-2260, 1045928308
61, LvHnEmj, JtmLvbmE, Samsung, WIqVAIKFHb, XVrXsqCgYD, JuLaf, 985949, USA, http://wwww.yahoo.com, 010-3562-9587, 2440589980
62, fCRRmW, ckZN, Kakao, dyzzkXGGRU, pNUvYSFETGbRz, AIDUKtMkkXBqdQ, 031424, England, http://wwww.naver.com, 010-3837-3706, 7798482147
63, eIpxwkjlS, IrzC, LG, rmClUFFjGl, FGqAchcqRoX, WQcPoTpi, 275481, England, http://wwww.daum.net, 010-9041-1230, 6749913348
64, uDbSdBG, NTVUTIsyf, NHN, WGNUSIwiap, DeKfTOZZ, Nophv, 981757, Japan, http://wwww.daum.net, 010-0022-9717, 4172811865
65, tyGqAQJ, nUxN, NHN, DEiYTRCcgG, VVyzD, VToQYdrQnJlW, 730809, korea, http://wwww.naver.com, 010-9971-1585, 8805376201
66, gDoxo, bYXDxlPzR, Samsung, BTpitdKikg, CjNlkc, CGvpOvNZVNq, 401267, England, http://wwww.line.jp, 010-7346-9428, 5971879189
67, dzKGwkS, PHnoq, NHN, ILNBaYkOjK, pbBvrZlz, wnUHFPZsBLp, 912220, China, http://wwww.yahoo.com, 010-4767-1494, 3400428595
68, xLiyOT, PZGOW, Naver, ydzgSZnDHj, cRpDznqt, MGgsOhUaacLdWH, 316307, USA, http://wwww.line.jp, 010-2030-5726, 9198579963
69, VoFuhEsKB, JfNmYSgnn, Samsung, wLrZvEIPfe, ITYhNJ, WpadSucUzw, 392648, korea, http://wwww.yahoo.com, 010-3505-1407, 3565137261
70, TxKWBpXT, dbgnl, Kakao, kdhkKqCnkR, vLXvC, DiaGimMVvPcIP, 457199, korea, http://wwww.naver.com, 010-7187-6883, 2057087537
71, NpOMXgTFI, PDRxnyUTm, Naver, YKbljYGazN, NKZFFjIzeqT, fOitrpsTyF, 052794, China, http://wwww.daum.net, 010-7886-3335, 2031095811
72, ttRwlY, cMgqcD, Naver, onSepuganG, iXSHPhJmOQLaw, ncjNAGAdyB, 955552, France, http://wwww.yahoo.com, 010-3756-0908, 1490264581
73, OqQWn, mgdRBoBEt, LG, JJmDlKMFvk, KSSiEoY, bMnYmTsXD, 312648, USA, http://wwww.naver.com, 010-4315-2671, 7527759841
74, qsjMnPHw, nJRoazAR, LG, sDSjscSlLM, QXMqxgxCIzyssw, qeqcpuRPHoQ, 645219, korea, http://wwww.line.jp, 010-3565-6789, 0301524852
75, iFcQ, DdiZu, LG, ZrEptwnyTA, ALtfPuWpLpJ, kqqOP, 953834, Japan, http://wwww.daum.net, 010-9569-5698, 8587583952
76, gMlJ, IVugCa, LG, xcoyoxBEww, aJORlIBYsxzcA, rqUkTMZ, 623034, China, http://wwww.naver.com, 010-5360-8530, 7184433306
77, ZvJk, QxiXLIK, LG, VdSYcQrKXM, CWoWFxl, fHMqqKzJGtvlyN, 810736, England, http://wwww.line.jp, 010-7436-6126, 3844369085
78, QuEF, aibGEZM, NHN, YzcDQBBBxx, ljalzQj, hTVEPlrcufmFmC, 920146, korea, http://wwww.daum.net, 010-6351-8500, 1006801769
79, FpfLFn, QqyJ, Samsung, DfpEVAWSDx, CKIpOkpCV, nzXQKAHw, 071280, Japan, http://wwww.naver.com, 010-7421-5811, 0795494158
80, dikYSZTK, dzMVgn, NHN, KrERhvGuGM, QPnIJUvi, POXKR, 509010, China, http://wwww.line.jp, 010-8546-0878, 6698137995
81, WdRuyWW, fFNhFGZl, Samsung, gvVsJNZIuV, yYaXPqkv, PKgXbIwACHyQKF, 693325, China, http://wwww.daum.net, 010-0056-4193, 8336556307
82, ZCxbvvnH, hMoXsN, NHN, yZFOhTHJeG, HabeV, wBJNQoB, 547482, korea, http://wwww.daum.net, 010-6960-4006, 1630086508
83, Rxibf, oHKd, Samsung, wfFhAERKWJ, BSXmX, QHwLXIPdVtOloR, 064642, France, http://wwww.line.jp, 010-7724-9939, 1324238467
84, BulSwE, vgYa, NHN, UUKyytsgOK, eWJePriSQH, fIssdhguz, 260645, China, http://wwww.yahoo.com, 010-6625-2121, 9703041204
85, JGFHXfpI, TvSmZHXW, Kakao, yrxweUfsyg, ZVZxfBQEyE, pirnGu, 626736, England, http://wwww.line.jp, 010-4528-3681, 2294733880
86, EqpnTY, DCNyjPHB, Kakao, DeojkCtyij, COZAg, kvoiacFL, 122922, England, http://wwww.yahoo.com, 010-0840-1868, 3577889425
87, PJcyL, peWiIzn, Naver, puEeTXmxxV, YWXypkpwOdPLwf, eoyRaOPqCn, 019743, France, http://wwww.daum.net, 010-1923-0021, 1939540190
88, SMFKzojzO, OfCMgSG, Naver, RUuEQZuldv, IhASUDaEWxCtkX, JsMnAdlCp, 522115, korea, http://wwww.line.jp, 010-8065-2030, 0603908745
89, dUDpvfX, SxCJN, LG, CQZCWSoDCq, HxjAegFtqVslvc, OMyMh, 962273, Japan, http://wwww.line.jp, 010-0163-1430, 1626392954
90, irCTANgb, DgWMBL, Naver, uRMvyBPtWX, AGZYuM, lrxGrQxPIwo, 010605, England, http://wwww.yahoo.com, 010-9424-5612, 9073032342
91, cRWmnVW, xJXxKi, NHN, VEAxkspxDv, BUKfoo, ZqcxyrscJrSoa, 265083, USA, http://wwww.daum.net, 010-7243-2514, 6889756141
92, cTpF, aSbpIXqK, LG, gyQBVKDizq, PnaehFeOCZOWCk, BgBUWdEwz, 867480, USA, http://wwww.yahoo.com, 010-3858-4797, 9556131766
93, ZUWqPntc, VBFZO, Samsung, KzXObTSAih, VudLgLeTsKADt, lEfGhVIErerc, 506957, Japan, http://wwww.naver.com, 010-4130-1810, 0029953924
94, VKtYB, silUczuCU, Samsung, tIPVWFYnjL, DuBYsiAmdruWWw, EnlLdETS, 490382, England, http://wwww.line.jp, 010-8863-3313, 6958881526
95, hQlvfpNWr, QJGmi, LG, BKoPqFduZa, Dtelhd, JfjSPncGegGl, 285498, Japan, http://wwww.daum.net, 010-0428-5774, 8190771052
96, HEBhSmQfX, RnrWQhusj, Kakao, rwaSHzHGHO, DBIWoBtJqh, xYsfhifQpsWjy, 996589, korea, http://wwww.yahoo.com, 010-4004-0767, 6022747705
97, JyXbRsows, eyubFZ, LG, QAubylJExk, TDzQKMbFtuOSl, esUIAhTRVDP, 023321, korea, http://wwww.line.jp, 010-3386-3957, 6940983759
98, vsTBxYArQ, rFsfeap, NHN, PSVJltUTML, qxnahryI, GnxWVx, 839846, France, http://wwww.line.jp, 010-7203-3749, 1180538014
99, CrKxKW, EvusD, LG, RXgBzMsXQo, grWqizqV, GYYuWdlfOYjR, 656089, korea, http://wwww.naver.com, 010-0574-4593, 1501430379
